<?xml version="1.0" encoding="utf-8"?>
<PIPCONFIG>
	<InstallationSettings>
		<ForceInitialInstallation>0</ForceInitialInstallation>
		<AllowInitialInstallation>1</AllowInitialInstallation>
		<IgnoreVersion>1</IgnoreVersion>
		<AllowDowngrade>0</AllowDowngrade>
		<AllowPartitioning>1</AllowPartitioning>
		<Reboot>1</Reboot>
		<CiR>0</CiR>
		<!--AllowGPOSReboot is only relevant for hypervisor targets-->
		<AllowGPOSReboot>1</AllowGPOSReboot>
		<KeepPvValues>0</KeepPvValues>
		<ExecuteEI>1</ExecuteEI>
		<ConsistentInstallation>0</ConsistentInstallation>
	</InstallationSettings>
	<!--Warning: Do not edit beyond this line-->
	<Info>
		<ConfigId>HorribleSoftware</ConfigId>
		<CompatibleCpuCode></CompatibleCpuCode>
		<OrderNo>X20CP0484</OrderNo>
		<ArType>AR Embedded</ArType>
		<ConfigVersion>1.2.0</ConfigVersion>
		<PartitionInfos>
			<Part1>16777216</Part1>
			<Part2>44389396</Part2>
			<Part3>13811840</Part3>
			<Part4>104857600</Part4>
		</PartitionInfos>
	</Info>
	<Commands>
		<processTrsfm srcPath="artransfer.br" />
	</Commands>
</PIPCONFIG>
