<?xml version="1.0" encoding="utf-8"?>
<?BR Image Settings Version="1.0"?>
<ImageSettings>
	<Section Id="System" Version="0.0.0" Force="true">
		<Delete Name="C:/Brm" Type="dir" />
		<Delete Name="C:/System" Type="dir" />
		<Delete Name="C:/arimg" Type="file" />
		<Delete Name="C:/RPSHD/SYSROM" Type="dir" />
		<Delete Name="C:/RPSHDS/SYSROM" Type="dir" />
		<Delete Name="D:/RPSHD/SYSROM" Type="dir" />
		<Delete Name="E:/RPSHDS/SYSROM" Type="dir" />
		<File Source="Default_X20CP04xx_RemoteInstall/Brm/@cfX20CP04xx.br" Destination="C:/Brm" />
		<File Source="Default_X20CP04xx_RemoteInstall/Brm/@sbX20CP04xx.br" Destination="C:/Brm" />
		<File Source="Default_X20CP04xx_RemoteInstall/System/BASE/COMPONENTS/ArLcTextP.br" Destination="C:/System/BASE/COMPONENTS" />
		<File Source="Default_X20CP04xx_RemoteInstall/System/BASE/COMPONENTS/ArUnitSys.br" Destination="C:/System/BASE/COMPONENTS" />
		<File Source="Default_X20CP04xx_RemoteInstall/System/BASE/FW/0030#0.bl.gz" Destination="C:/System/BASE/FW" />
		<File Source="Default_X20CP04xx_RemoteInstall/System/BASE/HWD/AsHwdhw_upl.xml.gz" Destination="C:/System/BASE/HWD" />
		<File Source="Default_X20CP04xx_RemoteInstall/System/BASE/HWD/AsHwdx90cp.xml.gz" Destination="C:/System/BASE/HWD" />
		<File Source="Default_X20CP04xx_RemoteInstall/System/DKM/dkms.xml" Destination="C:/System/DKM" />
		<File Source="Default_X20CP04xx_RemoteInstall/System/DKM/dkm_gdbserver_brelf.out" Destination="C:/System/DKM" />
		<File Source="Default_X20CP04xx_RemoteInstall/System/DKM/dkm_opcua.out.gz" Destination="C:/System/DKM" />
		<File Source="Default_X20CP04xx_RemoteInstall/System/DKM/dkm_plkFwType6.out" Destination="C:/System/DKM" />
		<File Source="Default_X20CP04xx_RemoteInstall/System/DKM/dkm_rbac.out" Destination="C:/System/DKM" />
		<File Source="Default_X20CP04xx_RemoteInstall/System/DKM/dkm_scm.out" Destination="C:/System/DKM" />
		<File Source="Default_X20CP04xx_RemoteInstall/System/SDM/arsdm.tar.gz" Destination="C:/System/SDM" />
		<File Source="Default_X20CP04xx_RemoteInstall/System/TOC/fscfg.xml" Destination="C:/System/TOC" />
		<File Source="Default_X20CP04xx_RemoteInstall/System/TOC/ftoc.xml" Destination="C:/System/TOC" />
		<File Source="Default_X20CP04xx_RemoteInstall/System/WEBSERV/ArWebServ.br" Destination="C:/System/WEBSERV" />
		<File Source="Default_X20CP04xx_RemoteInstall/arconfig.br" Destination="C:/RPSHD/SYSROM" />
		<File Source="Default_X20CP04xx_RemoteInstall/arconfig.br" Destination="C:/RPSHDS/SYSROM" />
		<File Source="Default_X20CP04xx_RemoteInstall/asfw.br" Destination="C:/RPSHD/SYSROM" />
		<File Source="Default_X20CP04xx_RemoteInstall/asfw.br" Destination="C:/RPSHDS/SYSROM" />
		<File Source="Default_X20CP04xx_RemoteInstall/ashwd.br" Destination="C:/RPSHD/SYSROM" />
		<File Source="Default_X20CP04xx_RemoteInstall/ashwd.br" Destination="C:/RPSHDS/SYSROM" />
		<File Source="Default_X20CP04xx_RemoteInstall/arimg" Destination="C:" />
		<Reboot Type="cold" />
	</Section>
</ImageSettings>
